satisfaction_cluster,engagement_score,experience_score,satisfaction_score
0,4.883445691260551,0.6209695431251497,2.7522076171928505
1,0.7815997538916231,0.4230518715592572,0.6023258127254402
